Model,Pricing,Rating
APPLE Watch Series 3 GPS - 42 ,23900,4.7
APPLE Watch Series 3 GPS - 38 ,20900,4.7
APPLE Watch SE GPS 44 ,32900,4.7
APPLE Watch SE GPS + Cellular 44 ,36900,4.6
APPLE Watch SE GPS 40 ,29900,4.7
APPLE Watch Series 6 GPS 40 ,40900,4.5
APPLE Watch SE GPS + Cellular 44 ,36900,4.6
APPLE Watch Series 6 GPS 40 ,40900,4.5
APPLE Watch Series 3 GPS - 38 ,20900,4.7
APPLE Watch SE GPS 40 ,29900,4.7
APPLE Watch Series 6 GPS 44 ,43900,4.5
APPLE Watch SE GPS 44 ,32900,4.7
APPLE Watch SE GPS + Cellular 40 ,33900,4.6
APPLE Watch Series 3 42 ,23900,4.7
APPLE Watch Series 6 GPS 40 ,40900,4.5
APPLE Watch Series 6 GPS + Cellular 44 ,52900,4.5
APPLE Watch Series 6 GPS 44 ,43900,4.5
APPLE Watch Series 6 GPS + Cellular 40 ,49900,4.5
APPLE Watch Series 6 GPS + Cellular 44 ,77900,4.7
APPLE Watch Series 6 GPS + Cellular 44 ,73900,4.7
APPLE Watch Series 6 GPS + Cellular 44 ,52900,4.5
APPLE Watch Series 6 GPS + Cellular 40 ,49900,4.5
APPLE Watch SE GPS + Cellular 40 ,33900,4.6
APPLE Watch SE GPS 44 ,32900,4.7
